Tema,Frequencia
,29
MACHINE LEARNING,29
DATA MINING,25
CLASSIFICATION,15
DATA INTEGRATION,11
TIME SERIES,9
SOCIAL NETWORKS,9
SIMILARITY SEARCH,8
SENTIMENT ANALYSIS,8
CLUSTERING,8
RECOMMENDER SYSTEMS,8
INFORMATION RETRIEVAL,8
NATURAL LANGUAGE PROCESSING,7
XML,7
DATABASES,7
DEEP LEARNING,7
COVID-19,7
QUERY PROCESSING,6
PROVENANCE,6
PERFORMANCE EVALUATION,6
ONTOLOGY,6
GRAPH MINING,6
SIMILARITY QUERIES,6
BIOINFORMATICS,6
GIS,6
DATA MANAGEMENT,6
DATASET,5
PREFERENCE MINING,5
DATA STREAMS,5
FEATURE SELECTION,5
RDF,5
INFORMATION EXTRACTION,4
DATA WAREHOUSE,4
SPATIAL DATABASES,4
ASSOCIATION RULES,4
ADVANCED QUERY PROCESSING,4
METRIC ACCESS METHODS,4
GRAPH,4
FLASH MEMORY,4
HIERARCHICAL CLASSIFICATION,4
TWITTER,4
SCIENTIFIC WORKFLOWS,4
BENCHMARK,4
SEMANTIC WEB,4
BIBLIOGRAPHIC CITATION,3
BIG DATA,3
TIME SERIES ANALYSIS,3
ANOMALY DETECTION,3
WORKFLOWS,3
NAMED ENTITY RECOGNITION,3
NEURAL NETWORKS,3
COMPLEX NETWORKS,3
FAKE NEWS,3
CONTENT-BASED IMAGE RETRIEVAL,3
GENETIC PROGRAMMING,3
GPU,3
COMPUTATIONAL BIOLOGY,3
INDEXING,3
DATA ANALYSIS,3
WIKIPEDIA,3
DATA PROVENANCE,3
CROWDSOURCING,3
CONTEXT-AWARENESS,3
DATA CLEANING,3
PERFORMANCE,3
LINKED DATA,3
MAPREDUCE,3
SPATIOTEMPORAL DATA,3
SIMILARITY SEARCHING,3
SMART CITIES,3
SOCIAL MEDIA,3
VISUALIZATION,3
ARTIFICIAL INTELLIGENCE,3
TOPIC MODELING,3
ATTRIBUTE SELECTION,3
ONTOLOGIES,3
OPEN DATA,3
RESULT DIVERSIFICATION,3
TEXTUAL DATABASES,2
ABSTRACT DATA TYPES,2
VGI,2
SCIENTIFIC DATA MANAGEMENT,2
SCIENTIFIC EXPERIMENTS,2
BENCHMARKING,2
SEMI-SUPERVISED LEARNING,2
SIMILARITY,2
SIMILARITY ALGEBRA,2
SIMILARITY FUNCTIONS,2
BIAS,2
SQL,2
SPATIO-TEMPORAL PATTERNS,2
AUTOMATIC DOCUMENT CLASSIFICATION,2
B3,2
SPATIAL DATABASE,2
SPATIAL INDEXING,2
TEXT MINING,2
SUMMARIZATION,2
UNSUPERVISED LEARNING,2
URBAN MOBILITY,2
OLAP,2
ONTOLOGY MATCHING,2
RANKING,2
QUESTION ANSWERING (QA),2
QUERY OPTIMIZATION,2
QUERY REWRITING,2
PUBLIC BIDS,2
QUALITY EVALUATION,2
RDBMS,2
RECOMMENDATION,2
RELATIONAL MODEL,2
REMOTE SENSING,2
RESEARCH GROUP,2
REPRESENTATIVE TRAJECTORY,2
INFORMATION STORAGE AND RETRIEVAL,2
INTERNET OF THINGS,2
K-MEANS,2
KEYWORD SEARCH,2
LINK PREDICTION,2
LEARNING TO RANK,2
COMPETENCE,2
COLLABORATIVE FILTERING,2
META-LEARNING,2
LOAD BALANCING,2
COMPLEX DATA,2
MULTISCALE,2
MIDDLEWARE,2
METRIC SPACES,2
METRIC SPACE,2
METADATA,2
NAME DISAMBIGUATION,2
CLOUD DATABASE,2
OBJECT DETECTION,2
CLOUD COMPUTING,2
MUSIC INFORMATION RETRIEVAL,2
MULTIPLE ASPECT TRAJECTORY,2
PREPROCESSING,2
PROCESS MINING,2
POINTS OF INTEREST,2
BUSINESS PROCESS MANAGEMENT,2
PREDICTION MODELS,2
PREFERENCE QUERIES,2
OPEN GOVERNMENT DATA,2
OPEN SCIENCE,2
GROUP BEHAVIOR,2
INDEX MAINTENANCE,2
ENSEMBLES,2
ENTITY-RELATIONSHIP MODEL,2
EXPLORATORY DATA ANALYSIS,2
GENOMICS,2
CONVOLUTIONAL NEURAL NETWORKS,2
GEOSPATIAL DATA,2
GEOGRAPHIC INFORMATION SYSTEMS,2
INFORMATION QUALITY,2
CONDITIONAL PREFERENCES,2
COMPUTER SCIENCE,2
INCREMENTAL LEARNING,2
IMAGE CLASSIFICATION,2
HIGH PERFORMANCE COMPUTING,2
HISTORICAL DATA,2
HADOOP,2
DISTRIBUTION,2
DATABASE TUNING,2
DATASETS,2
DIGITAL LIBRARIES,2
DIGITAL HUMANITIES,2
DIGITAL LIBRARY,2
DOCUMENT CLASSIFICATION,2
ENEM,2
DISTRIBUTED COMPUTING,2
ENSEMBLE,2
DATA QUALITY,2
DATABASE,2
DATA WAREHOUSING,2
DATABASE DESIGN,2
DATA STREAM MINING,2
DATA CLUSTERING,2
AGGREGATION,2
XPATH QUERIES,1
ACCESSIBILITY,1
ACCIDENTS,1
ACTION RECOGNITION,1
ACTIVE LEARNING,1
ACTIVITY INFERENCE FROM TWITTER DATA,1
ACTIVITY TRAJECTORY,1
ADJACENCY INDEX,1
AEDES AEGYPTI,1
AGRIBUSINESS,1
VIRAL CONTENT,1
VIEWSHED COMPUTATION,1
VIDEO POLLUTION,1
VERSIONING,1
VERSION,1
ARCHITECTURAL PATTERNS,1
ARABIC,1
APPROXIMATE DATA MATCHING,1
APACHE SPARK,1
ANTIBODY,1
ANNOTATION TOOL,1
ANNOTATION,1
ANAPHORA RESOLUTION,1
ANALYTICAL QUERIES EXTENDED WITH A SIMILARITY SEARCH PREDICATE,1
ANALYTICAL QUERIES,1
ANALYSIS OF EXPENSES,1
DATA PROFILING,1
DATA PRIVACY,1
DATA PREPARATION,1
DATA PRE-PROCESSING,1
DATA PRE-PROCESING,1
DATA PAPER,1
DATA MODELING,1
DATA MINING AND INTEGRATION,1
DATA MINING ALGORITHMS,1
DATA MANAGEMENT PLANS,1
DATA LABELING,1
DATA INTEGRATION SYSTEMS,1
DATA INTEGRATION AND PROVENANCE,1
ACCESS METHODS,1
WORD SENSE DISAMBIGUATION,1
WMTS,1
DATA SAMPLING,1
DATA QUALITY ASSESSMENT,1
DATA GOVERNANCE,1
DATA FORMAT,1
DATA EXTRACTION,1
DATA ECOSYSTEMS,1
DATA ECOSYSTEM HEALTH,1
DATA DISTRIBUTION,1
DATA DEPENDENCY VIOLATION,1
DATA CUBE,1
DATA COMPLEXITY,1
DATA CACHING,1
DATA BIAS,1
DATA BASE,1
DATA ANNOTATION,1
DATA ANALYTICS,1
DATABASE OPERATORS,1
DATABASE MODELING,1
DATABASE INTEROPERABILITY,1
DATABASE INDEXING,1
DATABASE FRAGMENTATION DESIGN,1
DATABASE FRAGMENTATION,1
DATABASE EVALUATION,1
DATABASE DISTRIBUTION,1
DATABASE CLUSTERS,1
DATA-INTENSIVE WORKFLOW,1
DATA-INTENSIVE COMPUTING,1
DATA VISUALIZATION,1
DATA TRANSFORMATION,1
DATA STREAM,1
DATA SET,1
DATA SCIENCE,1
DHT,1
DETECTION OF SUBJECTIVITY,1
DESIGN SCIENCE RESEARCH,1
DESCRIPTION LOGICS,1
DENSITY-RATIO ESTIMATION,1
DENSE SUBGRAPHS,1
DENIAL CONSTRAINT,1
DEEP NEURAL NETWORKS,1
DEEP LEARNING ARCHITECTURE,1
DEDUPLICATION,1
DECISION UNDER UNCERTAINTY,1
DECISION ANALYSIS,1
DBMS,1
DATASPACE,1
DATAFLOW MANAGEMENT,1
DATABASE SYSTEMS,1
COULOMB'S LAW,1
COST MODEL,1
DISCRETIZATION,1
DISCRETE FOURIER TRANSFORM,1
DISCHARGE,1
DISABILITY,1
DIMENSIONALITY REDUCTION AND MANIFOLD LEARNING,1
DIMENSIONALITY REDUCTION,1
DIGITAL TWIN,1
DIGITAL HEALTH,1
DIGITAL GOVERNMENT,1
DIGITAL FORENSIC,1
DIGITAL CINEMA,1
DIFFERENTIALLY PRIVATE REVERSE TOP-K APPROACHES,1
DIFFERENTIALLY PRIVATE PUBLICATION,1
DIAGRAMS,1
DISTANCE FUNCTIONS,1
DISTANCE DISTRIBUTION,1
DISTANCE CONCENTRATION,1
DISCRIMINATORY EFFECTS,1
DISCRIMINATIVE PATTERNS,1
DATA ACCESS,1
CYCLIST DETECTION,1
CUSTOMIZATION,1
CUSTOMER SERVICE,1
CROSS-LANGUAGE LINKS,1
CRIME DATASET,1
CREDIT SCORING,1
CREDIBILITY,1
CRAWLER,1
COVID-19 DATA,1
COUPLING,1
DOCUMENT RETRIEVAL,1
DOCUMENT ENRICHMENT,1
DOCKER,1
DNA MARKERS,1
DIVERSITY,1
DIVERSIFY,1
DIVERSIFIED SIMILARITY SEARCHING,1
DISTRIBUTED XML QUERY PROCESSING,1
DISTRIBUTED QUERY PROCESSING,1
DISTRIBUTED PROCESSING,1
DISTRIBUTED INDEXES,1
DISTRIBUTED DATABASES,1
DISTRIBUTED DATABASE,1
DISTRIBUTED ALGORITHM,1
DISTILBERT,1
DISTANCE-BASED OUTLIER DETECTION,1
ELICITATION OF PREFERENCES,1
ELECTRONIC HEALTH RECORD,1
ELECTORAL DATA,1
ELBOW METHOD,1
EER,1
EEG,1
EDUCATIONAL DATA MINING,1
EDUCATION DATA,1
EDUCATION,1
EDGE-CLOUD COLLABORATION,1
DYNAMIC NETWORKS,1
DYNAMIC INDEX,1
DYNAMIC BAYES NET,1
DUMMY LOCATION,1
DRUGS,1
DOMAIN ONTOLOGY,1
EVENT ANALYSIS,1
EVALUATION METHODS,1
ETL APPLICATION,1
ETL,1
ENVIRONMENTAL MODELING,1
ENTITY SIMILARITY,1
ENTITY RESOLUTION,1
ENTITY RELATEDNESS,1
ENTITY MATCHING,1
ENTITY DELIMITATION,1
ENTITY CLASSES,1
ENSEMBLE APPROACH,1
ENGLISH,1
END-TO-END MACHINE LEARNING,1
EMBEDDED SYSTEM,1
EMBEDDED DATA STORES,1
FAIR DATA PRINCIPLES,1
FAILURE PREDICTION,1
FAILURE,1
FACTORS,1
FACTORIAL DESIGN,1
FACT-CHECKING,1
FAAS,1
F-ONION-TREE,1
EXTENDED-SQL,1
EXPLAINABLE ARTIFICIAL INTELLIGENCE,1
EXPLAINABLE AI,1
EXPLAINABILITY,1
EXPERIMENTAL EVALUATION,1
EXCEPTION RULE,1
EVIDENCE INTEGRATION,1
EVENT DETECTION,1
FLOW MEASUREMENT POINTS,1
FLOCK PATTERN,1
FLASH-AWARE SPATIAL INDEX,1
FLASH SOLID STATE DISKS,1
FINGERPRINT INDEXING,1
FILE SYSTEM,1
FEEDBACK,1
FEATURE GROUPS,1
FEATURE EXTRACTORS,1
FEATURE ENGINEERING,1
FAULT DIAGNOSIS,1
FAST CLASSIFICATION,1
FAKE NEWS CLASSIFICATION,1
FAIRNESS,1
FAIR PRINCIPLES,1
FAIR PIPELINES,1
FUZZY SYSTEMS,1
FUZZY SPATIAL OBJECTS,1
FUZZY PREFERENCE,1
FUZZY DECISION TREES,1
FUTURE SCENARIO,1
FUNCTIONAL GENOMIC DATA STANDARDS AND PUBLIC COLLECTIONS,1
FUNCTIONAL DEPENDENCIES,1
FREQUENT SUBTREES,1
FRAMEWORK,1
FRAGMENTATION,1
FRACTALS,1
FRACTAL THEORY,1
FRACTAL DIMENSION,1
FOUNDATIONAL ONTOLOGY,1
FOUNDATIONAL ONTOLOGIES,1
FOG COMPUTING,1
CONTEXT-AWARE,1
CONTEXT,1
CONTENT-BASED RETRIEVAL,1
GEOPARSING,1
GEOGRAPHICAL INFORMATION RETRIEVAL,1
GEOGRAPHIC-AWARE,1
GEOGRAPHIC DATA WAREHOUSE,1
GEOGRAPHIC DATA,1
GEO-TEXTUAL OBJECT RETRIEVAL,1
GEO-SEMANTICS,1
GENOME ANNOTATION,1
GENETIC ALGORITHMS,1
GENETIC ALGORITHM,1
GENERALIZED SUFFIX TREE,1
GDPR,1
GAMES WITH A PURPOSE,1
GOVERNMENT PLANNING,1
GOAL MODELING,1
GML DATA,1
GIS APPLICATION,1
GIR,1
GEOPROCESSING,1
CORRELATION,1
CORONAVIRUS,1
COREFERENCE,1
CONVOLUTIONAL NEURAL NETWORK,1
CONTRADICTION ANALYSIS,1
CONTINUOUS SPATIAL CHANGE,1
CONTINUAL QUERIES,1
CONTEXTUAL REINFORCEMENT,1
CONTEXTUAL EMBEDDINGS,1
CONTEXTUAL ADVERTISING,1
HETEROGENEOUS NETWORK,1
HETEROGENEOUS HARDWARE,1
HETEROGENEOUS DATA,1
HEARING IMPAIRMENT,1
HBASE,1
HARDNESS MEASURES,1
GSPN,1
GROUP ACTIVITY INFERENCE,1
GREAT EXPECTATIONS,1
GRAPH NEURAL NETWORKS,1
GRAPH MANAGEMENT,1
GRAPH DATABASE,1
GRAPH CLUSTERING,1
GRADIENT DESCENT,1
GOVERNMENTAL DATA,1
GOVERNMENT PURCHASES,1
HTML RESEARCH QUESTIONNAIRES,1
HOT STREAKS,1
HORIZONTAL FRAGMENTATION,1
HIVE,1
HIT SONGS,1
HIT SONG SCIENCE,1
HISTORY,1
HIGH-THROUGHPUT SEQUENCING,1
HIGH-PERFORMANCE COMPUTING,1
HIGH-PERFORMANCE,1
HIGH-DIMENSIONAL DATASETS,1
HIGH-DIMENSIONAL DATA ANALYSIS,1
HIGH DIMENSION,1
HIERARCHICAL DECOMPOSITION,1
HEURISTICS,1
HETEROGENEOUS NETWORKS,1
COMPLEX EVENTS,1
COMPLEX EVENT PROCESSING,1
INCREMENTAL DISAMBIGUATION,1
INCREMENTAL DECISION TREES,1
IMPROVED LOCAL DATA PROCESSING,1
IMAGE DATABASES,1
IMAGE DATA WAREHOUSE,1
IMAGE,1
ICU,1
I*/TROPOS,1
HYPOTHESIS,1
HYPERPARAMETER TUNING,1
HYBRID STORAGE,1
HYBRID ACCESS METHODS,1
HUMAN MOBILITY,1
HUBNESS,1
INFORMATION SCIENCE EDUCATION,1
INFERENCE,1
INFECTIOUS DISEASE,1
INFECTION PROPAGATION,1
INDICATOR GEOSTATISTICS,1
INDICATIVE SIGNS,1
CONTENT BASED VIDEO RETRIEVAL,1
CONFIDENT LEARNING,1
CONDITION-EXTENDED K-NN QUERIES,1
COMPUTER SIMULATION,1
COMPUTER AIDED PROGNOSIS,1
COMPUTER,1
COMPUTATIONAL SOCIAL SCIENCES,1
COMPUTATIONAL FLUID DYNAMICS,1
COMPLEXATION,1
COMPLEX OBJECT,1
JIDM,1
ISO/TC 211,1
IRRELEVANT RULES,1
INVERTED INDEXES,1
INVERTED INDEX,1
INTEROPERABILITY,1
INTERACTIVE VIS,1
INTERACTION-AWARE,1
INTERACTION FACTOR,1
INTELLIGENT SYSTEMS,1
INTEGRITY CONSTRAINTS,1
INTEGER PROGRAMMING,1
INSTANCE SELECTION,1
INSTANCE HARDNESS,1
INQUIRE QUERY,1
INFORMATION VISUALIZATION,1
KNOWLEDGE EVOLUTION,1
KNOWLEDGE DISCOVERY,1
KNOWLEDGE BASES,1
KNN,1
KEYWORDS EXTRACTION,1
KEYWORD SELECTION,1
KEY-VALUE STORES,1
KEY-VALUE,1
KERNEL,1
KDD,1
K-NEAREST NEIGHBORS QUERIES,1
K-NEAREST NEIGHBORS,1
K-MEDOIDS,1
JSON SCHEMA,1
JOIN PROCESSING,1
JOIN EVALUATION,1
CLUSTERING EXPLAINABILITY,1
LINK CREATION,1
LINEAR REGRESSION,1
LEGAL DOCUMENTS,1
LEGAL DATASET,1
LEARNING-TO-RANK,1
LEARNING RATE,1
LDA,1
LBSN,1
LAZY LEARNING,1
LAW,1
LATENT DIRICHLET ALLOCATION,1
LARGE ONTOLOGIES,1
LARGE LANGUAGE MODELS,1
LARGE KNOWLEDGE BASE,1
LAND-USE AND LAND-COVER,1
LOCATION-BASED SERVICES,1
LOCATION-BASED SERVICE,1
LOCATION PRIVACY,1
LOCAL SEARCH,1
LIVE VIDEO,1
COMPLETENESS,1
COMPETENCY QUESTION,1
COMMUNITY STRUCTURE,1
COMMUNITY DETECTION,1
COLUMNAR,1
COLOR,1
COLLABORATIVE AND CONTENT-BASED FILTERING,1
COLLABORATION RECOMMENDATION,1
COHERENCE METRICS,1
CO-AUTHORSHIP NETWORKS,1
CLUSTERING METHODS,1
MEDICAL DATABASES,1
MEDIATION,1
MDA,1
MAXIMUM COVERAGE,1
MATRIX FACTORIZATION,1
MATERIALIZED VIEWS,1
MARKET MOVEMENT,1
MALL,1
MAGE-ML,1
MACHINE LEARNING TECHNIQUES,1
LSTM,1
LSH,1
LONGITUDINAL DATA MINING,1
LONG TRANSACTIONS,1
LOGISTIC REGRESSION,1
LOGIC-BASED SCORING FUNCTIONS,1
MOBILE CLOUD COMPUTING,1
MOBILE,1
MISSING ATTRIBUTE VALUES,1
MISINFORMATION,1
MICROORGANISMS,1
METRICS,1
METRIC TREES,1
METRIC DATABASES,1
METRIC ACCESS METHOD,1
METASEARCH,1
METAMODEL AND ENHANCED ENTITY-RELATIONSHIP MODEL,1
METALEARNING,1
METAGENOMIC OF WATER,1
MENTAL HEALTH,1
MEDICAL INFORMATICS,1
MEDICAL IMAGES,1
MULTI-ATTRIBUTE DATA,1
MOVING OBJETCTS TRAJECTORIES,1
MOVING OBJECTS TRAJECTORIES,1
MOVING OBJECTS,1
MOVING OBJECT TRAJECTORIES,1
MORTALITY PREDICTION,1
MOLECULAR SIMULATION,1
MOLECULAR DYNAMICS,1
MOLECULAR DOCKING,1
MODELLING AND SOFTWARE SIMULATION,1
MODELING,1
MODEL SELECTION,1
MODEL EVALUATION,1
MODEL CARBON,1
MOBILITY PATTERNS,1
MOBILE DEVICE,1
MULTIMEDIA DATABASE,1
MULTIMEDIA APPLICATIONS,1
MULTIMEDIA,1
MULTIDISCIPLINARY RESEARCH,1
MULTIDIMENTIONAL INDEX,1
MULTIDIMENSIONAL ARRAY,1
MULTICLASS CLASSIFICATION,1
MULTIAGENT SYSTEMS,1
MULTIAGENT REINFORCEMENT LEARNING,1
MULTI-VIEW CLASSIFICATION,1
MULTI-VIEW,1
MULTI-RESOLUTION SPATIAL STRUCTURE,1
MULTI-RELATIONAL DATA MINING,1
MULTI-OBJECTIVE GENETIC ALGORITHM,1
MULTI-LABEL CLASSIFICATION,1
MULTI-CLASS SVMS,1
CHILE,1
CHATBOTS,1
MUSICAL SUCCESS,1
MUSICAL SEMANTIC INFORMATION DATASETS,1
MUSICAL GENRES,1
MUSIC DATA MINING,1
MULTIWAY SPATIAL JOIN,1
MULTIVARIATE TEMPORAL RULES,1
MULTIVARIATE,1
MULTIVALUED ENCRYPTED VALUES,1
MULTIVALUED ATTRIBUTES,1
MULTIPLE DATA SOURCES,1
MULTIPLE ASPECTS,1
MULTIMODAL VIDEO RETRIEVAL,1
MULTIMODAL DATA PROVENANCE,1
MULTIMEDIA DATABASES,1
NATURAL LANGUAGE QUERY (NLQ),1
NATURAL LANGUAGE PROCESSING (NLP),1
NATURAL LANGUAGE INTERFACE TO DATABASE (NLIDB),1
NAMED-ENTITY RECOGNITION,1
MUTUAL INFORMATION ESTIMATION,1
CLUSTER COEFFICIENT,1
CLOUD-REPLICATED DATABASES,1
CLOUD DATABASES,1
CLOSED PATTERNS,1
CLIQUES,1
CLICKTHROUGH,1
CLASSIFIERS,1
CLASSIFI,1
CLASSICATION,1
CLASS ATTRIBUTES,1
CHOROPLETH,1
NOSQL,1
NOODMG,1
NON-LOCAL INFORMATION,1
NON-HIT SONGS,1
NOISE REMOVAL,1
NOISE DETECTION,1
NEXT-GENERATION SEQUENCING,1
NEWS,1
NEVER-ENDING LEARNING,1
NEURAL NETWORK,1
NETWORK PROCESSING,1
NETWORK EMBEDDING,1
NETWORK ANALYSIS,1
NEO4J,1
NEAREST NEIGHBOR SEARCH,1
NATURAL LANGUAGE TEXT CATEGORIZATION,1
ONTOLOGY MODULARIZATION,1
ONTOLOGY LEARNING,1
ONTOLOGY ALIGNMENT,1
ONLINE OBJECT DETECTION,1
ONLINE LEARNING,1
ONION-TREE,1
ONE-CLASS LEARNING,1
ONE-CLASS EXPLAINABILITY,1
ON-THE-FLY INTEGRATION,1
OFFLOADING,1
OFFICIAL DIARIES,1
OBJECT RECOGNITION,1
OBJECT PERSISTENCE,1
OBINJECT,1
OBFUSCATION,1
OBDA,1
PARALLEL AND DISTRIBUTED PROCESSING,1
PARALLEL AND DISTRIBUTED DATA PROCESSING,1
PARALLEL ALGORITHMS,1
PAIRWISE PREFERENCES,1
PAGE SIZE,1
PAGE SEGMENTATION,1
P2P,1
OVERSAMPLING,1
OUTLIERS,1
OUTLIER LABELING,1
OUT-OF-CORE,1
OSDU,1
ORDERED AXES,1
OPINION MINING,1
ONTOLOGY SUMMARIZATION,1
ONTOLOGY REENGINEERING,1
PHRASAL TERMS,1
PHENOMENA,1
PERSISTENCE,1
PERFORMANCE OPTIMIZATION,1
PEER-LEVEL ANNOTATION,1
PDMS,1
PATH SEARCH STRATEGY,1
PATH RANKING,1
PATENTS,1
PARETO FRONTIER,1
PARENT SET SELECTION,1
PARALLELISM,1
PARALLEL SET SIMILARITY JOIN,1
PARALLEL PROGRAMMING,1
PARALLEL PROCESSING,1
PARALLEL CORPORA,1
BUSINESS PROCESS DATA,1
BUSINESS PROCESS,1
BUSINESS INTELLIGENCE 20,1
BUSINESS ANALYSIS,1
POLYSTORE,1
POLITICS,1
POLITICAL POLARIZATION,1
POLICE ROUTING,1
POI SEARCH,1
PLATFORM,1
PLANE SWEEP,1
PLACEMENT,1
PIVOT-BASED TECHNIQUE,1
PIGLATIN,1
PHYLOGENETICS,1
PHRASE QUERIES,1
POWER TRANSMISSION,1
POWER LAW,1
PORTUGUESE LITERATURE,1
PORTUGUESE LANGUAGE,1
POPULATION MODEL,1
CENTRALITY MEASURE,1
CBIR,1
CBERS-4A/WPM,1
CASE TOOL,1
CASE STUDY,1
CASCADE SVM,1
CARDIOLOGY,1
CARBON POOLS,1
CALIBRATION,1
CAIM,1
BYTE-LEVEL N-GRAM,1
PROTEIN FAMILIES,1
PROSPECTIVE PROVENANCE,1
PROQUA,1
PROPBANK-BR,1
PROMPT LEARNING,1
PROLOG,1
PROJECT MANAGEMENT,1
PROFILING,1
PRODUCT RECOMMENDATION,1
PROCESS AWARE SYSTEMS,1
PROBABILISTIC DATABASES,1
PRIVACY BY DESIGN,1
PRINCIPAL COMPONENT ANALYSIS,1
PREFERENTIAL VOTING,1
PREFERENCE LEARNING,1
PREDICTIVE POLICING,1
QUALITY METRICS,1
QUALITY DIMENSIONS,1
QUALITY ASSESSMENT,1
QUALITY,1
PURPOSE,1
PUBLIC TRANSPORT SYSTEMS,1
PUBLIC FINANCES,1
PUBLIC EXPENSES,1
PUBLIC EXPENDITURE,1
PUBLIC DOMAIN WORKS,1
PUBLIC DATA,1
PUBLIC BIDDING,1
PROVENANCE VISUALIZATION,1
PROVENANCE DATA,1
PROVENANCE ANALYSIS,1
PROTEIN PREDICTION,1
RANKING ALGORITHM,1
RANKING AGGREGATION,1
RANGE QUERY,1
RANGE QUERIES,1
RAMP-UP PROBLEM,1
RAILCAR INSPECTION,1
R-TREE,1
QUERYING,1
QUERY SCHEDULING,1
QUERY REFORMULATION,1
QUERY INTERACTIONS,1
QUERY FORMULATION,1
QUERY EVALUATION,1
QUERY ANSWERING,1
QUERY,1
QUALITY OF WATER,1
BLOCKING,1
BLOCKCHAIN,1
BIPARTITE GRAPHS,1
BIOMOLECULAR INTERACTIONS,1
BIOMEDICAL DATA,1
BIOLOGY,1
RELATIONAL DATA MODEL,1
RELATIONAL ALGEBRA,1
RELATION EXTRACTION,1
REINFORCEMENT LEARNING,1
REFERENCE EVAPOTRANSPIRATION,1
RECORD LINKAGE,1
REAL TIME MONITORING,1
REAL TIME DATA WAREHOUSE,1
RDF GRAPH,1
RANKING STRATEGY,1
REPOSITORY,1
REPLICATION,1
REMAINING TIME PREDICTION,1
RELEVANCE METRICS,1
RELEVANCE MEASURES,1
RELEVANCE FEEDBACK,1
BUS TRAVEL TIME PREDICTION,1
BUS STOPS OPTIMIZATION,1
BULK-LOADING,1
BUFFER MANAGEMENT,1
BRAZILIAN TERRITORY,1
BRAZILIAN SIGN LANGUAGE,1
BRAZILIAN PORTUGUESE SRL,1
BRAZILIAN MUSIC DATASETS,1
BRAZILIAN DEPUTIES,1
BRAZILIAN CHAMBER OF DEPUTIES,1
SCIENTIFIC DATA INDEXING,1
SCIENTIFIC COLLABORATION,1
SCIENTI,1
SCHEMA MAPPINGS,1
SCHEMA EXTRACTION,1
SCHEMA EVOLUTION,1
SCHEMA DISCOVERY,1
SCENE DETECTION,1
SBBD,1
SAFE SUPPORT VECTOR MACHINES,1
RULES,1
RULE INDUCTION,1
RISK FACTORS,1
RESEARCH PERFORMANCE,1
RESEARCH,1
REPRESENTATIVENESS MEASURE,1
SEMANTIC,1
SEGMENTATION,1
SEGMENT ANYTHING MODEL,1
SECURITY ON THE WEB,1
SECURE DBMS,1
SECONDARY FOREST,1
SEARCHING SIMILARITIES,1
SEARCH RESULT DIVERSIFICATION,1
SEARCH ENGINES,1
SDN,1
SCRIPTS,1
SCIENTIFIC WORKFLOW,1
SCIENTIFIC VISUALIZATION PIPELINE,1
SCIENTIFIC INTERACTIONS,1
SCIENTIFIC EXPERIMENT,1
SCIENTIFIC DATA QUERYING,1
SENSOR,1
SENSITIVE DATA,1
SENSIBILITY,1
SEMI-SUPERVISED CLUSTERING,1
SEMI-STRUCTURED DATA,1
SEMANTICS,1
SEMANTIC TRAJECTORY,1
SEMANTIC TRAJECTORIES,1
SEMANTIC TEXTUAL SIMILARITY,1
SEMANTIC SEARCH,1
SEMANTIC ROLE LABELING,1
SEMANTIC INTEROPERABILITY,1
SEMANTIC INFORMATION,1
SEMANTIC FRAMEWORK,1
SEMANTIC CLASSIFICATION,1
SEMANTIC ANNOTATION,1
SERVICE EVOLUTION,1
SERVICE COMPATIBILITY,1
SERVERLESS,1
SENTINEL-2,1
SENTIMENT LEXICON,1
SENSOR DATA PUBLISHING,1
BIOLOGICAL DATABASES,1
BIOLOGICAL DATA ANALYSIS,1
BIOGEOCHEMICAL CYCLES,1
BINARY CLASSIFICATION,1
BIG DATA APPLICATIONS,1
BIBLIOMETRIC INDICATORS,1
BELO HORIZONTE,1
BEHAVIOR ANALYSIS,1
BAYESIAN NETWORKS,1
BAG OF FEATURES,1
SOCIAL MEDIA ANALYSIS,1
SOCCER,1
SMART GOVERNMENT,1
SLA COMPLIANCE,1
SITUATION-AWARENESS,1
SITUATION RECOGNITION,1
SIMULATION WORKFLOW,1
SIMULATION TYPES AND TECHNIQUES,1
SIMILARITY MATCHING,1
SIMILARITY JOIN,1
SIMILARITY INFORMATION RETRIEVAL,1
SIMILARITY CONDITIONS,1
SHOPPING,1
SHARED EXECUTION,1
SET SIMILARITY JOIN,1
SERVICE VERSIONING,1
SPATIAL DATA WAREHOUSES,1
SPATIAL DATA RETRIEVAL,1
SPATIAL DATA INTEGRATION,1
SPATIAL DATA INFRASTRUCTURES,1
SPATIAL DATA,1
SPATIAL APPROXIMATION,1
SPATIAL AND TEMPORAL SENTIMENT ANALYSIS,1
SPATIAL ANALYSIS,1
SPARSE SPATIAL SELECTION,1
SPAM DETECTION,1
SPACE MAPPING,1
SOFTWARE REFERENCE ARCHITECTURE,1
SOFTWARE PROCESS,1
SOFTWARE FRAMEWORK,1
SOCIAL RECOMMENDER SYSTEM,1
SOCIAL NETWORK,1
SPATIAL KEYWORD SEARCH,1
SPATIAL INFORMATION RETRIEVAL,1
SPATIAL FUZZYNESS,1
SPATIAL DATABASE SYSTEM,1
AVAILABILITY,1
AUTOML,1
AUTOMATIC STARMINER TREE,1
AUTOMATIC SPEECH RECOGNITION,1
AUTOMATIC LABELING,1
AUTOMATED ESSAY EVALUATION,1
AUTHOR PROFILING,1
AUTHOR NAME AMBIGUITY,1
AUDIO DESCRIPTORS,1
ATTRACTIVENESS OF PLACES,1
ASSOCIATION RULE,1
ASPECT-BASED SENTIMENT ANALYSIS,1
SPREADSHEETS,1
SPORT SOCIAL NETWORKS,1
SPEECH TRANSLATION,1
SPEECH TO TEXT,1
SPECIES DISTRIBUTION MODELING,1
SPATIOTEMPORAL GEOCODING,1
SPATIO-TEMPORAL INFORMATION ANALYSIS,1
SPATIO-TEMPORAL DATA,1
SPATIO AND SPATIO-TEMPORAL DATA ANALYSIS,1
SPATIAL VAGUENESS,1
SPATIAL QUERY PROCESSING,1
SPATIAL PRUNING,1
SPATIAL PATTERN MATCHING,1
SPATIAL MODELING OF CATEGORICAL ATTRIBUTES,1
SPATIAL MODELING,1
SPATIAL MODEL,1
STREAMING DATA,1
STRADDLING BICLUSTERS,1
STORAGE TECHNOLOGIES,1
STORAGE ENGINE,1
STORAGE CLASS MEMORY,1
STOP-MOVE IDENTIFICATION,1
STOCKS,1
STOCK MARKET,1
STOCK EXCHANGE,1
STATISTICAL CORRELATIONS ANALYSIS,1
STATISTICAL ANALYSIS,1
STARMINER TREE,1
STAR JOIN,1
STABILITY,1
SRA,1
SQL EXTENSION,1
SYSTEM MODELING,1
SYNTACTIC INTEROPERABILITY,1
SYNOPSIS,1
SYNCHRONIZATION,1
SVM,1
SURVEY,1
SUPERVISED LEARNING BY CLASSIFICATION,1
SUPERVISED LEARNING,1
SUPERVISED CLASSIFICATION,1
SUBJECTIVITY,1
STRUCTURED QUERY LANGUAGE (SQL),1
STRUCTURED EXTRACTION,1
STRUCTURED DATA DEFECTS,1
STROKE,1
STRING DATABASES,1
STRESS TESTING,1
TESTING METHODOLOGY,1
TERRORISM,1
TERRAME OBSERVER,1
TEMPORAL XML SEARCH,1
TEMPORAL NETWORKS,1
TEMPORAL KEYWORD SEARCH,1
TEMPORAL FACTORS,1
TEMPORAL EVOLUTION,1
TEMPORAL EFFECTS,1
TEMPORAL DATA,1
TEMPORAL BIAS,1
TEMPORAL ANALYSIS,1
TEMPLATE,1
TAXONOMY,1
TAXONOMIES,1
TAG RECOMMENDATION,1
TRAJECTORY ANALYSIS,1
TRAFFIC SIMULATION,1
TOPOLOGICAL RELATIONS,1
TOPOLOGICAL FEATURES,1
TOPIC MODELS,1
TOP-K QUERIES,1
TIME-DEPENDENT NETWORKS,1
TIME SERIES FORECASTING,1
TIE STRENGTH,1
THEMATIC MAP,1
TEXTURE,1
TEXT STREAMS,1
TEXT REPRESENTATION,1
TEXT PREPROCESSING,1
TEXT CLASSIFICATION,1
TEXT CATEGORIZATION,1
UNIFIED FOUNDATIONAL ONTOLOGY,1
UNCERTAINTY VISUALIZATION,1
UNARY SIMILARITY QUERIES,1
UML PROFILE,1
TRIANGULATION METHOD,1
TRAVEL HISTORY,1
TRANSPOSABLE ELEMENTS,1
TRANSLATION INITIATION SITE,1
TRANSFER LEARNING,1
TRANSDUCTIVE LEARNING,1
TRANSACTION PROCESSING,1
TRANSACTION,1
TRAJECTORY SUMMARIZATION,1
TRAJECTORY SIMILARITY,1
TRAJECTORY SEMANTIC ENRICHMENT,1
TRAJECTORY DATA,1
ANALYSIS FRAMEWORK,1
ANALYSIS,1
ALLOCATION CONTROL,1
VERIFICATION,1
VEHICLE TO INFRASTRUCTURE COMMUNICATION,1
VECTOR EMBEDDINGS,1
VAGUE TOPOLOGICAL PREDICATES,1
VAGUE SPATIAL OBJECTS,1
VAGUE REGIONS,1
VACCINATION STANCES,1
UTILITY,1
USER RECOMMENDATION,1
USER BIAS,1
USER BEHAVIOR,1
URBAN TREES,1
UNSUPERVISED MACHINE LEARNING,1
AGRICULTURE,1
XPATH,1
XML STREAMS,1
5S FRAMEWORK,1
XGBOOT,1
XBR -TREES,1
XAI,1
VSB-INDEX,1
VOTING BEHAVIOR,1
VOLUNTEERED GEOGRAPHICAL INFORMATION,1
VOLUNTEERED GEOGRAPHIC INFORMATION,1
VISUAL FEATURES,1
VISUAL DESCRIPTORS,1
VISUAL ASSESSMENT,1
VIRTUAL SCREENING,1
VIRTUAL PARTITIONING,1
WIRELESS SENSOR NETWORKS,1
WINDOW SIZE,1
WEB SOFTWARE REPOSITORES,1
WEB SEARCH ENGINES,1
WEB OF DATA,1
WEB MINING,1
WEB MAP TILE SERVICES,1
WEB DATA ANNO- TATION,1
WEB DATA,1
WEB CRAWLING,1
WEAK SUPERVISION,1
WAZE,1
ALIGMENT,1
ALGORITHM RECOMMENDATION,1
ALGEBRAIC PROPERTIES,1
ALGEBRA,1
